epoch,lr,train_loss,val_loss,precision,recall,f1,iou,oa,sec
1,1.318e-04,0.69373,0.65055,0.82264,0.65867,0.73158,0.57677,0.97972,221.7
2,3.719e-04,0.48355,0.52176,0.80913,0.76522,0.78656,0.64821,0.98257,241.0
3,6.687e-04,0.40955,0.70435,0.88430,0.52695,0.66038,0.49296,0.97725,252.7
4,9.086e-04,0.34910,0.49913,0.93045,0.68130,0.78662,0.64828,0.98449,256.5
5,1.000e-03,0.33594,0.60534,0.57979,0.91519,0.70987,0.55023,0.96861,264.1
6,9.997e-04,0.28103,0.53077,0.85346,0.73466,0.78961,0.65237,0.98357,264.1
7,9.989e-04,0.25392,0.41503,0.90339,0.76619,0.82915,0.70817,0.98675,266.9
8,9.975e-04,0.26787,0.42445,0.93103,0.73516,0.82158,0.69719,0.98660,268.8
9,9.956e-04,0.24196,0.42747,0.84561,0.81344,0.82921,0.70825,0.98594,268.6
10,9.932e-04,0.21736,0.51000,0.90759,0.71031,0.79692,0.66240,0.98481,266.2
11,9.902e-04,0.21026,0.41283,0.83813,0.83623,0.83718,0.71996,0.98635,269.4
12,9.867e-04,0.20704,0.37091,0.86420,0.87092,0.86755,0.76608,0.98884,269.4
13,9.826e-04,0.21410,0.34009,0.90364,0.85789,0.88017,0.78599,0.99020,264.7
14,9.780e-04,0.19573,0.33595,0.89867,0.87692,0.88766,0.79802,0.99069,266.7
15,9.729e-04,0.19826,0.35241,0.89745,0.84989,0.87302,0.77466,0.98963,265.9
16,9.673e-04,0.19973,0.33174,0.91691,0.86164,0.88842,0.79924,0.99092,266.9
17,9.611e-04,0.19188,0.35210,0.89749,0.85701,0.87678,0.78060,0.98989,267.3
18,9.545e-04,0.17529,0.32827,0.91711,0.85167,0.88318,0.79080,0.99055,267.1
19,9.473e-04,0.17406,0.32620,0.89325,0.88214,0.88766,0.79801,0.99063,265.8
20,9.397e-04,0.18448,0.38066,0.89762,0.80092,0.84652,0.73388,0.98781,266.4
21,9.316e-04,0.17614,0.32279,0.89834,0.88268,0.89044,0.80252,0.99089,267.1
22,9.230e-04,0.16413,0.32235,0.91079,0.87328,0.89164,0.80447,0.99109,264.5
23,9.140e-04,0.16185,0.34025,0.86410,0.90034,0.88185,0.78867,0.98988,264.6
24,9.045e-04,0.15269,0.30510,0.91950,0.86899,0.89353,0.80756,0.99131,267.2
25,8.945e-04,0.16452,0.31256,0.92241,0.85226,0.88595,0.79525,0.99079,266.1
26,8.842e-04,0.15375,0.29936,0.91285,0.88927,0.90091,0.81968,0.99179,274.9
27,8.734e-04,0.14984,0.29976,0.90744,0.88780,0.89751,0.81407,0.99149,267.1
28,8.622e-04,0.14663,0.29891,0.88856,0.90359,0.89601,0.81162,0.99120,265.7
29,8.506e-04,0.16023,0.30128,0.91389,0.87976,0.89650,0.81242,0.99148,266.7
30,8.386e-04,0.14956,0.32257,0.91507,0.87957,0.89697,0.81318,0.99152,265.4
31,8.263e-04,0.13816,0.30765,0.88567,0.89787,0.89173,0.80461,0.99085,263.1
32,8.136e-04,0.14221,0.31634,0.90576,0.89382,0.89975,0.81777,0.99164,264.7
33,8.005e-04,0.14642,0.32141,0.90002,0.88404,0.89196,0.80499,0.99101,266.0
34,7.871e-04,0.14768,0.30684,0.89034,0.90558,0.89789,0.81471,0.99136,268.4
35,7.734e-04,0.14204,0.32739,0.90958,0.87638,0.89267,0.80614,0.99116,267.3
36,7.595e-04,0.13914,0.28701,0.93178,0.86641,0.89790,0.81472,0.99173,266.3
37,7.452e-04,0.13494,0.31170,0.91062,0.88650,0.89840,0.81554,0.99159,267.0
38,7.306e-04,0.13996,0.29159,0.89139,0.91672,0.90388,0.82461,0.99182,273.4
39,7.158e-04,0.13487,0.35657,0.84964,0.91399,0.88064,0.78674,0.98960,281.8
40,7.008e-04,0.13573,0.29675,0.91853,0.88430,0.90109,0.81998,0.99185,285.0
41,6.856e-04,0.13093,0.29231,0.90722,0.90184,0.90452,0.82569,0.99201,280.3
42,6.701e-04,0.12454,0.28278,0.92155,0.89248,0.90678,0.82946,0.99230,276.7
43,6.545e-04,0.13558,0.28667,0.92478,0.88994,0.90702,0.82987,0.99234,276.1
44,6.387e-04,0.12613,0.29867,0.89824,0.90898,0.90358,0.82412,0.99186,278.4
45,6.227e-04,0.12886,0.28485,0.92314,0.89347,0.90806,0.83161,0.99241,274.1
46,6.066e-04,0.13460,0.28916,0.91635,0.89364,0.90485,0.82624,0.99211,274.1
47,5.904e-04,0.12477,0.27519,0.91660,0.90431,0.91041,0.83556,0.99253,271.2
48,5.741e-04,0.12454,0.28126,0.91509,0.90294,0.90898,0.83314,0.99241,270.2
49,5.577e-04,0.12352,0.26878,0.91094,0.91072,0.91083,0.83625,0.99252,268.9
50,5.413e-04,0.11888,0.28782,0.90841,0.90456,0.90648,0.82896,0.99217,264.9
51,5.248e-04,0.11862,0.26373,0.92190,0.89861,0.91011,0.83504,0.99255,266.8
52,5.082e-04,0.11922,0.27211,0.91683,0.89259,0.90455,0.82573,0.99209,264.8
53,4.917e-04,0.11795,0.26869,0.91588,0.90275,0.90927,0.83363,0.99244,267.4
54,4.752e-04,0.11787,0.27068,0.92477,0.89415,0.90920,0.83352,0.99251,266.9
55,4.587e-04,0.11750,0.26818,0.91659,0.91152,0.91404,0.84170,0.99281,265.2
56,4.422e-04,0.11567,0.27127,0.92221,0.89597,0.90890,0.83301,0.99246,265.5
57,4.258e-04,0.11700,0.26088,0.90527,0.91648,0.91084,0.83627,0.99247,288.3
58,4.095e-04,0.11360,0.26541,0.91285,0.90476,0.90879,0.83282,0.99238,301.1
59,3.933e-04,0.11269,0.25977,0.91948,0.90652,0.91296,0.83985,0.99275,288.8
60,3.772e-04,0.11433,0.27818,0.91024,0.91403,0.91213,0.83846,0.99261,273.7
61,3.613e-04,0.11133,0.26490,0.92387,0.89952,0.91153,0.83744,0.99267,282.0
62,3.455e-04,0.10680,0.23873,0.91776,0.91198,0.91486,0.84308,0.99288,279.8
63,3.298e-04,0.10901,0.25616,0.91627,0.91308,0.91468,0.84277,0.99285,285.6
64,3.144e-04,0.11152,0.25657,0.91087,0.91784,0.91434,0.84220,0.99278,278.2
65,2.991e-04,0.11410,0.28919,0.90124,0.92005,0.91055,0.83578,0.99241,282.4
66,2.841e-04,0.11243,0.25718,0.91517,0.91484,0.91501,0.84333,0.99287,282.9
67,2.693e-04,0.10837,0.24933,0.92592,0.90256,0.91409,0.84178,0.99288,279.9
68,2.548e-04,0.10996,0.25733,0.92775,0.90207,0.91473,0.84286,0.99294,275.9
69,2.405e-04,0.10591,0.24818,0.92160,0.91045,0.91599,0.84500,0.99299,276.2
70,2.265e-04,0.10640,0.25000,0.92331,0.90670,0.91493,0.84320,0.99292,272.2
71,2.128e-04,0.10764,0.25381,0.92968,0.90234,0.91581,0.84469,0.99304,281.3
72,1.994e-04,0.10306,0.25514,0.91894,0.91363,0.91627,0.84549,0.99299,284.3
73,1.864e-04,0.10192,0.25297,0.92805,0.90328,0.91550,0.84417,0.99300,286.2
74,1.737e-04,0.10214,0.24567,0.92666,0.90667,0.91656,0.84597,0.99307,297.3
75,1.613e-04,0.10329,0.24824,0.92602,0.90746,0.91665,0.84612,0.99307,288.7
76,1.494e-04,0.10373,0.25827,0.92284,0.91205,0.91742,0.84743,0.99311,298.0
77,1.378e-04,0.10067,0.25091,0.92210,0.90996,0.91599,0.84500,0.99300,298.8
78,1.266e-04,0.10353,0.25741,0.92315,0.91061,0.91684,0.84644,0.99307,291.9
79,1.158e-04,0.10181,0.26497,0.92417,0.90975,0.91691,0.84656,0.99308,234.9
80,1.054e-04,0.10013,0.25126,0.92489,0.90741,0.91607,0.84513,0.99302,236.9
81,9.547e-05,0.10125,0.25525,0.92589,0.91012,0.91794,0.84833,0.99317,233.8
82,8.598e-05,0.10033,0.25758,0.92808,0.90844,0.91816,0.84870,0.99320,234.8
83,7.694e-05,0.10064,0.25696,0.92123,0.91404,0.91762,0.84778,0.99311,233.4
84,6.836e-05,0.10149,0.26104,0.92661,0.90975,0.91810,0.84860,0.99319,230.0
85,6.025e-05,0.09960,0.25365,0.92688,0.90874,0.91772,0.84796,0.99316,229.4
86,5.262e-05,0.09903,0.26350,0.92564,0.90808,0.91677,0.84634,0.99308,228.5
87,4.549e-05,0.09778,0.25412,0.92353,0.91163,0.91755,0.84765,0.99312,227.2
88,3.884e-05,0.09842,0.25121,0.91978,0.91485,0.91731,0.84725,0.99308,227.1
89,3.271e-05,0.09798,0.25810,0.92575,0.90834,0.91696,0.84666,0.99310,227.2
90,2.708e-05,0.09855,0.25264,0.92498,0.91187,0.91838,0.84907,0.99320,228.7
91,2.198e-05,0.10038,0.25105,0.92183,0.91380,0.91779,0.84808,0.99313,227.2
92,1.739e-05,0.09750,0.25458,0.92340,0.91300,0.91817,0.84872,0.99317,228.5
93,1.333e-05,0.09856,0.25655,0.92109,0.91407,0.91757,0.84769,0.99311,226.7
94,9.807e-06,0.09895,0.25953,0.92334,0.91174,0.91750,0.84758,0.99312,227.0
95,6.817e-06,0.09893,0.25544,0.92322,0.91176,0.91746,0.84750,0.99311,227.8
96,4.367e-06,0.09870,0.25393,0.92263,0.91301,0.91780,0.84808,0.99314,225.7
97,2.459e-06,0.09977,0.25471,0.92280,0.91281,0.91778,0.84805,0.99314,225.3
98,1.095e-06,0.09782,0.25524,0.92447,0.91151,0.91794,0.84833,0.99316,225.1
99,2.761e-07,0.09955,0.25453,0.92403,0.91207,0.91801,0.84845,0.99316,224.7
100,4.001e-09,0.09828,0.25766,0.92469,0.91006,0.91731,0.84726,0.99311,225.1
